{
  "credit": "Made with Blockbench",
  "parent": "builtin/entity",
  "display": {
    "thirdperson_righthand": {
      "rotation": [
        0,
        -180,
        0
      ],
      "translation": [
        0,
        -12,
        -0.75
      ],
      "scale": [
        1.25,
        1.25,
        1.25
      ]
    },
    "thirdperson_lefthand": {
      "rotation": [
        0,
        -180,
        0
      ],
      "translation": [
        0,
        -12,
        -0.75
      ],
      "scale": [
        1.25,
        1.25,
        1.25
      ]
    },
    "firstperson_righthand": {
      "translation": [
        0,
        -8.5,
        2.25
      ]
    },
    "firstperson_lefthand": {
      "translation": [
        0,
        -8.5,
        2.25
      ]
    },
    "ground": {
      "rotation": [
        0,
        0,
        90
      ],
      "translation": [
        8.75,
        -1.5,
        1.5
      ]
    },
    "gui": {
      "rotation": [
        24,
        -41,
        37
      ],
      "translation": [
        3.5,
        -6,
        -2.25
      ],
      "scale": [
        0.75,
        0.75,
        0.75
      ]
    },
    "fixed": {
      "rotation": [
        -28,
        -41,
        -31
      ],
      "translation": [
        -4.25,
        -8.75,
        0
      ]
    }
  }
}