{
	"format_version": "1.12.0",
	"minecraft:geometry": [
		{
			"description": {
				"identifier": "geometry.unknown",
				"texture_width": 16,
				"texture_height": 16,
				"visible_bounds_width": 2,
				"visible_bounds_height": 2.5,
				"visible_bounds_offset": [0, 0.75, 0]
			},
			"bones": [
				{
					"name": "bone",
					"pivot": [0.5, 13.88889, -0.61111],
					"cubes": [
						{"origin": [-2, 16, -1], "size": [1, 3, 1], "uv": [8, 5]},
						{"origin": [0, 1, -1], "size": [1, 5, 1], "uv": [4, 6]},
						{"origin": [0, 6, -2], "size": [1, 4, 1], "uv": [8, 0]},
						{"origin": [0, 10, -1], "size": [1, 5, 1], "uv": [0, 6]},
						{"origin": [-1, 15, -1], "size": [3, 1, 1], "uv": [0, 4]},
						{"origin": [0, 15, -2], "size": [1, 1, 3], "uv": [0, 0]},
						{"origin": [0, 16, -3], "size": [1, 3, 1], "uv": [12, 0]},
						{"origin": [0, 16, 1], "size": [1, 3, 1], "uv": [0, 12]},
						{"origin": [2, 16, -1], "size": [1, 3, 1], "uv": [8, 9]}
					]
				},
				{
					"name": "innercube",
					"parent": "bone",
					"pivot": [0.5, 18.5, -0.5],
					"cubes": [
						{"origin": [0, 18, -1], "size": [1, 1, 1], "uv": [11, 4]}
					]
				}
			]
		}
	]
}