{
	"format_version": "1.12.0",
	"minecraft:geometry": [
		{
			"description": {
				"identifier": "geometry.unknown",
				"texture_width": 64,
				"texture_height": 64,
				"visible_bounds_width": 2,
				"visible_bounds_height": 2.5,
				"visible_bounds_offset": [0, 0.75, 0]
			},
			"bones": [
				{
					"name": "bone",
					"pivot": [0, 0, 0],
					"cubes": [
						{"origin": [-3, 4, -3], "size": [6, 2, 6], "uv": [0, 32]},
						{"origin": [-1, 6, -1], "size": [2, 4.5, 2], "uv": [0, 8]},
						{"origin": [-6, 2, -6], "size": [12, 2, 12], "uv": [0, 18]},
						{"origin": [-8, 0, -8], "size": [16, 2, 16], "uv": [0, 0]}
					]
				},
				{
					"name": "bone2",
					"pivot": [0, 0, 0],
					"cubes": [
						{"origin": [-2, 12, -2], "size": [4, 4, 4], "uv": [0, 0]}
					]
				}
			]
		}
	]
}